{
  "project_info": {
    "project_number": "944270817204",
    "project_id": "hostelmsfirebase",
    "storage_bucket": "hostelmsfirebase.appspot.com"
  },
  "client": [
    {
      "client_info": {
        "mobilesdk_app_id": "1:944270817204:android:b967bddd038eb4372ea4e1",
        "android_client_info": {
          "package_name": "com.example.imperial_inn"
        }
      },
      "oauth_client": [],
      "api_key": [
        {
          "current_key": "AIzaSyAlE-TgbaaFxKI-JWq9MkKyUCRd4xjkENA"
        }
      ],
      "services": {
        "appinvite_service": {
          "other_platform_oauth_client": []
        }
      }
    }
  ],
  "configuration_version": "1"
}